bolow@yahoo.ca,MzWmBD5GHd,MzWmBD5GHd
jamuir@comcast.net,As4mat1udN,As4mat1udN
phizntrg@att.net,iUYQCekb1G,iUYQCekb1G
jonadab@gmail.com,gR1yJpM6Be,gR1yJpM6Be
kassiesa@verizon.net,7MsyeOR6QY,7MsyeOR6QY
kimvette@gmail.com,Enwcm5IdC4,Enwcm5IdC4
msroth@live.com,2yPmf80Ts7,2yPmf80Ts7
ehood@optonline.net,CvzF8PoibK,CvzF8PoibK
dobey@live.com,tJNKWY279a,tJNKWY279a
cumarana@icloud.com,Rvc7xegCsN,Rvc7xegCsN
pdbaby@yahoo.ca,Na1nE46zcZ,Na1nE46zcZ
mrobshaw@icloud.com,0D7tBUqoQR,0D7tBUqoQR
kohlis@att.net,AM6IXhtoYS,AM6IXhtoYS
fviegas@hotmail.com,cU1Sg4Pnhi,cU1Sg4Pnhi
adhere@sbcglobal.net,r0IQXsW6Cj,r0IQXsW6Cj
hmbrand@hotmail.com,iEAM1nqc79,iEAM1nqc79
gregh@aol.com,AxynTpwa2G,AxynTpwa2G
techie@comcast.net,D9ATqi2SRE,D9ATqi2SRE
timtroyr@gmail.com,S85Gvnm0tw,S85Gvnm0tw
uqmcolyv@mac.com,YHWAw1KpSe,YHWAw1KpSe
doche@comcast.net,yDS07idnX3,yDS07idnX3
frode@yahoo.com,Zs0Jdt9NVO,Zs0Jdt9NVO
portele@live.com,0REm7TfHWq,0REm7TfHWq
msusa@msn.com,Gic6vTqCQF,Gic6vTqCQF
jamuir@me.com,cQN8RHSVbi,cQN8RHSVbi
arandal@hotmail.com,qk5N4gASVb,qk5N4gASVb
lbecchi@live.com,1G0ji9gYR4,1G0ji9gYR4
wiseb@icloud.com,aKcX2T0hBq,aKcX2T0hBq
pakaste@comcast.net,PbHSAI4wCa,PbHSAI4wCa
bartak@yahoo.ca,NJyo3Peuv2,NJyo3Peuv2
zeller@me.com,TV3ABedrO0,TV3ABedrO0
srour@msn.com,HadMgE0jQX,HadMgE0jQX
gomor@verizon.net,RIzfck7NXL,RIzfck7NXL
draper@gmail.com,A3tz1qlB9w,A3tz1qlB9w
hedwig@sbcglobal.net,smd9CZfL0F,smd9CZfL0F
jorgb@live.com,K9timMHjdT,K9timMHjdT
wortmanj@gmail.com,D6ETgGMlQq,D6ETgGMlQq
campbell@optonline.net,jyQE8iN9bR,jyQE8iN9bR
ryanvm@yahoo.ca,nFlDmY5pCP,nFlDmY5pCP
firstpr@live.com,bkWqN8wK6n,bkWqN8wK6n
pappp@verizon.net,LqFbh4ovGi,LqFbh4ovGi
fudrucker@hotmail.com,6u1z04eUCZ,6u1z04eUCZ
dexter@live.com,0WnLHO1pIb,0WnLHO1pIb
miturria@sbcglobal.net,2KZvSnBVG3,2KZvSnBVG3
dobey@hotmail.com,NIm1JwFvyO,NIm1JwFvyO
bahwi@verizon.net,Zn1ehDlkT8,Zn1ehDlkT8
keiji@msn.com,HilQbG0Cs8,HilQbG0Cs8
thomasj@verizon.net,D28rB6LGvm,D28rB6LGvm
valdez@yahoo.ca,wgpQGl1Ssd,wgpQGl1Ssd
bartlett@icloud.com,L5gYl0dT48,L5gYl0dT48
ganter@gmail.com,H2oPCkJvpj,H2oPCkJvpj
noticias@yahoo.com,IlhC3bdHto,IlhC3bdHto
frostman@outlook.com,USxaM8kEvu,USxaM8kEvu
slaff@icloud.com,b30kPFx1KV,b30kPFx1KV
philen@outlook.com,d7cy8PRwzj,d7cy8PRwzj
chrwin@gmail.com,v6YS21ltkH,v6YS21ltkH
torgox@msn.com,40j7JVqW2Y,40j7JVqW2Y
cremonini@gmail.com,p4FTumex3s,p4FTumex3s
erynf@yahoo.com,RDTqPaK8vt,RDTqPaK8vt
mosses@gmail.com,QLRFwn0bPt,QLRFwn0bPt
jorgb@yahoo.ca,9oqeXW3wD1,9oqeXW3wD1
roesch@att.net,juRQ8hmd53,juRQ8hmd53
cremonini@mac.com,Mq0z2sh9Y1,Mq0z2sh9Y1
claesjac@mac.com,IxdjpSo4Oa,IxdjpSo4Oa
sjmuir@sbcglobal.net,m9iEFG2t4W,m9iEFG2t4W
thomasj@gmail.com,Wkpq0ZLs6f,Wkpq0ZLs6f
biglou@comcast.net,xl5HuXLt7Q,xl5HuXLt7Q
seebs@live.com,UpSN5PVa0C,UpSN5PVa0C
peoplesr@live.com,n3S5BhKC7D,n3S5BhKC7D
jrkorson@msn.com,U6qOtCo5X1,U6qOtCo5X1
jbailie@comcast.net,fjZ491WKiw,fjZ491WKiw
bockelboy@aol.com,Y4Sf0WUoMk,Y4Sf0WUoMk
hahsler@yahoo.ca,9NkeIXJcvf,9NkeIXJcvf
helger@live.com,2DpH1CGZlF,2DpH1CGZlF
jbuchana@aol.com,7pG52Vemr0,7pG52Vemr0
marcs@verizon.net,0lqQ6tzgH7,0lqQ6tzgH7
nullchar@comcast.net,HlziAV85By,HlziAV85By
carroll@comcast.net,f42rM7gCxY,f42rM7gCxY
dmbkiwi@outlook.com,DZkojS5Uhp,DZkojS5Uhp
muzzy@yahoo.com,ORVpPZgq68,ORVpPZgq68
research@comcast.net,rX6C0WhI34,rX6C0WhI34
jkegl@sbcglobal.net,85MYdOgA0K,85MYdOgA0K
firstpr@me.com,VinOtH7b4d,VinOtH7b4d
lamprecht@msn.com,obX9jg7QDS,obX9jg7QDS
shang@gmail.com,RmnXl9K1r2,RmnXl9K1r2
pizza@yahoo.ca,zDgy7NBb24,zDgy7NBb24
zeller@icloud.com,epn73MTqix,epn73MTqix
gboss@aol.com,0SuEg6K3s9,0SuEg6K3s9
josem@live.com,aCVmF2Pb73,aCVmF2Pb73
staffelb@yahoo.ca,28j3oBqf6T,28j3oBqf6T
chance@msn.com,XzrIxY8ugw,XzrIxY8ugw
jeffcovey@icloud.com,furzEI04Rj,furzEI04Rj
boser@outlook.com,5OJbemp6Cz,5OJbemp6Cz
pedwards@aol.com,Bl2HmK5ngy,Bl2HmK5ngy
murdocj@comcast.net,DpFtWnrm3R,DpFtWnrm3R
scato@yahoo.ca,tm9ihqIJMu,tm9ihqIJMu
mbalazin@msn.com,nqZ2DE7yog,nqZ2DE7yog
bbirth@live.com,FIt5rfOzqM,FIt5rfOzqM
dkeeler@sbcglobal.net,5YhjX9La1R,5YhjX9La1R
druschel@sbcglobal.net,e4EMqriKPy,e4EMqriKPy
